Country,Number,Dir,0,1,2
Fra,one,x,-1.6376731915412353,0.8819795369549509,-0.5047434450526914
Fra,two,y,-1.5283738780171983,-0.15477922233302283,-0.7504562575006347
Fra,two,z,-0.7668937329955179,-0.29063490762965827,0.8336545716502465
Ger,one,x,0.5819243566552962,-1.5277478612858553,-0.7928995866781544
Jap,one,x,0.1161346456619243,0.32090579223099913,-0.3329643113005094
Jap,two,x,-0.5093322701983174,0.6796016841134512,-0.05298188287744252
USA,one,y,-0.7605471975639247,-1.1609195650234096,-1.4232298377659636
USA,one,z,0.8373436700729926,1.2976657923968127,-2.133659577508709
